,degree
TRAF6,347
IKBKE,342
MYC,330
TP53,194
EGFR,169
MAP3K3,166
NFKB2,147
IKBKG,144
TRAF2,138
RELA,137
MAP3K14,120
MAP3K1,119
TNFRSF1B,102
RIPK3,92
TNFRSF1A,89
ERBB2,87
NFKB1,83
NFKBIA,59
TNFRSF14,59
TBK1,57
MAP3K7,53
FASLG,52
IKBKB,52
RIPK2,51
APOA1,51
TRADD,51
NFKBIE,49
ERBB3,48
FLNA,47
TNFRSF10D,47
PPP2R1B,46
VCP,45
MAP3K7IP2,43
AKT1,42
TRAF1,41
CASP8,39
LCK,39
CREBBP,38
CASP4,38
RIPK1,35
DAXX,35
MAP3K7IP1,34
UBC,33
EP300,32
REL,32
PTPRJ,32
PRKDC,30
PTPRC,30
TANK,30
HSPA8,29
GRB2,28
CAV1,28
MYH9,28
NCOR1,28
WAS,28
FGFR3,28
MAP3K8,27
HSP70-1,27
HSPA5,27
HSPA9,27
TUBB,27
PDGFRB,26
TUBB4,26
HSPA1L,25
ADAM15,25
Q13748,25
P62158,24
CALM3,24
HSP90AB1,24
FAF1,24
MYH10,24
HSP90AA1,24
INSR,23
CFLAR,23
TUBA3C,23
CD40,23
FADD,23
FAS,22
ACTG1,22
LYN,22
MAP3K5,22
PTPRS,21
LAMA4,20
ITGB1,20
GHR,20
DNAJA3,19
CLTC,19
DNAJA1,19
FN1,18
TP73,17
SYK,17
RUVBL1,17
MET,16
JAK1,16
TIMM50,16
P62988,16
CAD,16
BIRC2,16
RUVBL2,16
ITGB3,16
IGF1R,16
CSK,15
NCK1,15
CASP3,15
PRKCA,15
STAT1,15
RASSF1,15
MYD88,15
CCR5,14
CRK,14
YWHAZ,14
NCOA3,14
FYN,14
TUBB2B,14
IRAK1,14
ABL1,14
CHUK,14
ITGB2,14
VAV1,14
NTRK1,14
SLC25A5,14
NR3C1,14
CYLD,13
NOTCH1,13
MALT1,13
EEF1A2,13
BAX,13
ACTN1,13
PIK3R1,13
SRC,13
BAG2,13
CDC37,13
C1QBP,13
IFNAR2,13
VIM,12
RPS3,12
TNFSF10,12
HBXIP,12
CCR1,12
PTPN1,12
CASP9,12
BTK,12
TNFAIP3,12
KDR,12
BCL10,12
TKT,12
PTPRB,11
CBL,11
BIRC5,11
TRAF3,11
PTPRG,11
HSPA6,11
ITGB7,11
RPL23,11
CASP10,10
LTA,10
KRAS,10
DDX3X,10
BAD,10
SLC25A6,10
RPS16,10
IL6ST,10
TNFRSF10A,10
ARRB2,10
NAP1L1,10
PTPN22,10
PLAUR,10
GAPDH,10
PLCG1,10
FCGR2B,10
EPPK1,10
LAMC1,10
TNF,10
PDIA3,9
APIP,9
IARS,9
UBA52,9
HLA-DQA1,9
CNTFR,9
PTPN12,9
GCN1L1,9
TEK,9
RPS27,9
PARP1,9
YWHAE,9
PRKCD,9
KIAA1967,9
LRDD,9
PTPRO,9
LAMA5,9
CD44,9
MAP4K1,9
PTPRK,8
IRAK2,8
HNRNPM,8
PTPN13,8
FGFR1,8
MARS,8
IER3,8
YWHAB,8
EPRS,8
LGALS3BP,8
SHC1,8
TGFBR2,8
HNRNPU,8
PPP2R1A,8
IL2RG,8
AIFM1,8
CD4,8
TUBA1A,8
DIABLO,8
NFKBIB,8
CCT5,7
PFKL,7
HSP90B1,7
LAMB1,7
HNRNPH1,7
TNFRSF10C,7
MAPK8IP1,7
RCN2,7
PPP5C,7
VWF,7
DHX9,7
SFPQ,7
RARS,7
BID,7
NCL,7
HNF4A,7
IFNAR1,7
RPS14,7
CD3E,7
ARRB1,7
CASP1,7
hCG_1988342,7
HNRPU,7
MYL12A,7
TNIP2,7
HDAC1,7
HSPA4,7
MYO6,7
PTPRF,7
CRADD,7
APP,7
MDM2,7
HNRPM,7
ATP2A2,6
TYK2,6
SSR4,6
BIRC4,6
CUL1,6
SQSTM1,6
CASP7,6
CD2,6
XPO5,6
TCP1,6
ANK2,6
XIAP,6
TENC1,6
CDC42,6
CSE1L,6
MYL6,6
ALK,6
IL1R1,6
ITGAV,6
IQGAP1,6
ANKS1B,6
YWHAG,6
APAF1,6
RPLP0,6
HNRNPC,6
CCL5,6
ALB,6
HADHA,6
IRS4,6
AR,6
G3BP1,6
ESR1,6
TUBB6,6
ATP5A1,6
DAPK1,6
NGFR,6
BCL2,6
SFN,6
BMP2,6
IGHG1,6
CELSR2,6
GFI1B,6
TRIM28,6
SMARCC1,6
RELB,6
SMARCA4,6
PTPN6,6
PIK3CD,6
COMMD1,6
EEF1A1,6
IRAK3,6
XPO1,6
EPS8,6
AKAP13,6
PIK3R2,5
RPS11,5
NPM1,5
PTPN11,5
NOD1,5
ITGB5,5
RPS9,5
SEL1L,5
BCL2L1,5
DDX21,5
CCR2,5
RPL7,5
UBE2I,5
MAPK3,5
PLXNB1,5
IL4R,5
BIRC7,5
DSP,5
EDA2R,5
CDC2,5
CXCL12,5
CRKL,5
CARD11,5
ADAM17,5
RIF1,5
SH3GL2,5
TGFB1,5
CSF2RB,5
C1orf103,5
COL7A1,5
IL2RB,5
CAPZA1,5
DDB1,5
FASN,5
P62805,5
DDX5,5
MYLK2,5
MYO1D,5
PPP1CC,5
RPS27L,5
EBI-1108795,5
STUB1,5
RASA1,5
CCT1,5
PRLR,5
CARD8,5
RPS8,5
SLC25A3,5
SKP1,5
HCK,5
PCMT1,5
MATR3,5
ZBTB16,5
RPL11,5
LRPPRC,5
SIVA1,5
ATP1A1,5
KPNB1,5
XPOT,5
IPO7,5
CCT3,5
CCT4,5
CCT8,5
RPS3A,5
FHL2,5
PSMD1,5
ITGB4,5
FBL,5
LARS,5
NONO,5
PPP1CA,5
TLR4,5
MIF,5
PSMC6,4
HSPD1,4
NUCB2,4
MEN1,4
CRP,4
C14orf1,4
CYCS,4
HSPB1,4
LAMC2,4
CAPZB,4
KCTD12,4
HADHB,4
PXN,4
GEMIN4,4
IL6R,4
PSMD2,4
PTPN3,4
SUMO1,4
RPS10,4
PSMD3,4
FLT4,4
TNFRSF10B,4
CHD3,4
IL2,4
MCM7,4
GNB2,4
HAX1,4
MCM3,4
BCL2L11,4
TLR3,4
XRCC6,4
PRPF8,4
PSMA3,4
YWHAQ,4
SPTAN1,4
JAK2,4
FGR,4
PSMB5,4
PSMC1,4
RIN1,4
ETS1,4
ST13,4
VHL,4
FANCD2,4
CD5,4
RABGAP1,4
BCL6,4
HIF1A,4
YES1,4
IL6,4
PSME3,4
IRS1,4
CFTR,4
GULP1,4
FLT1,4
SKIL,4
CCDC59,4
FKBP5,4
MCC,4
VAV3,4
ITGAL,4
BCAR3,4
TIE1,4
ATF7IP,4
DEDD,4
SMAD2,4
CASP8AP2,4
PTPRZ1,4
ERBB4,4
NCK2,4
LRRC59,4
HCLS1,4
FANCI,4
CCT2,4
ADRBK1,4
DYNC1H1,4
EPHA2,4
CCT6A,4
STAT3,4
CDKN2A,4
ZNF512B,4
LDLR,4
TEC,4
CTNNB1,4
FGF2,4
VDAC1,4
NOD2,4
USP9X,4
SPTBN1,4
MOAP1,4
SMC4,4
SMC2,4
PSMB1,4
ATAD3A,4
SF3B3,4
ITGA4,4
CXCR4,4
HNRNPL,4
MAD2L1,4
PELI3,4
SH2D1A,4
MAP2K7,4
PSMA6,4
FCER1G,4
HSPE1,4
PIN1,4
BCL2A1,4
TLR2,4
ATXN1,4
SSB,4
RPS13,4
RPL36,4
PABPC1,4
RPLP2,4
FBXW11,4
CUL3,4
PHB2,4
NCF1,4
RPS5,4
BIRC3,4
RPS18,4
RPL13,4
CHD4,4
CCL2,4
RPL18,4
VAV2,3
TNS3,3
MAPK8,3
TLN1,3
SHC3,3
LIFR,3
SH2B3,3
NP,3
LRP1,3
ACTR3,3
ACTR2,3
PIK3R3,3
OSM,3
GRB10,3
ATIC,3
ACTB,3
SH2D2A,3
PTK6,3
PIK3C2B,3
BLNK,3
PSMD6,3
FBN1,3
PPP1R12A,3
CCL8,3
SORT1,3
PDPK1,3
GAB1,3
HPRT1,3
MDFI,3
ABL2,3
BMX,3
NSMAF,3
BCL3,3
SORL1,3
TNFRSF19,3
BCL2L2,3
EIF2S3,3
RPL30,3
GLUD1,3
HLA-B,3
MOBKL3,3
SLC25A1,3
TRAF5,3
SNRNP200,3
TNFRSF11A,3
ATP5O,3
TNFSF14,3
DAP3,3
CDK2,3
EEF1D,3
FGFR4,3
USP7,3
FGF1,3
YA61,3
PTK2,3
STRAP,3
DIP-400N,3
CALR,3
PRKCQ,3
COPS5,3
LAMA3,3
UBE2N,3
FRAP1,3
CDKN1B,3
DNAJB1,3
KAT2B,3
NMI,3
KHDRBS1,3
UBE2V1,3
ECHS1,3
TRIP13,3
SNX9,3
PA2G4,3
UGGT1,3
SET,3
SERPINE1,3
PPP2CB,3
RBBP7,3
SUMO2,3
SETDB1,3
PFAS,3
PTN,3
PFN2,3
IQGAP2,3
KIAA1377,3
YWHAH,3
PABPC4,3
POLR2H,3
IMPDH2,3
IKBKAP,3
TICAM2,3
HSPH1,3
PPIB,3
HYOU1,3
CASP6,3
HNRNPF,3
HDAC2,3
PDIA6,3
PCNA,3
KIF5B,3
PSMA7,3
RPN1,3
SEC61A1,3
EPHB6,3
PSMC4,3
PSMC2,3
CALM1CALM2CALM3,3
PSMB4,3
PSMB3,3
PSMA2,3
XRCC5,3
PSMA1,3
MTPN,3
PDCD11,3
PCBP1,3
UNC119,3
MYO1B,3
MYBBP1A,3
UBR1,3
HDAC7A,3
GTF2I,3
MCL1,3
TP53BP2,3
SF3A1,3
IPO8,3
CSNK2A1,3
ICAM1,3
GTF2B,3
RANBP9,3
ADAM9,3
IGHA1,3
TUFM,3
GTF3C1,3
RGS12,3
LTBR,3
ITGA5,3
ASCC2,3
ITK,3
VTN,3
UBQLN4,3
SAE1,3
AKAP8L,3
EZR,3
GANAB,3
EFTUD2,3
FBXW7,3
GSPT1,3
ITGA6,3
OTUD7B,3
PSMD7,3
ETFA,3
EIF3I,3
EIF3E,3
RAB11A,3
RANBP1,3
SMARCC2,3
CTPS,3
PPP2CA,3
FABP5,3
ARAP1,3
ATF3,3
COPB2,3
RAB7A,3
RPL24,3
USP45,3
RPL3,3
NLRP1,3
CASP2,3
PPP2R5C,3
RPL38,3
EIF2C3,3
FLNB,3
BRCA1,3
UBE2D1,3
RHOB,3
ARHGEF1,3
CEBPZ,3
P62807,3
PSMD11,3
CD74,3
MAVS,3
EDAR,3
RPS4X,3
HSPA2,3
LOC541472,3
RPS15A,3
CSF2,3
PSMD13,3
BAK1,3
CCT7,3
UBE2M,3
DBN1,3
PFDN2,3
MYO1C,3
FCGR1A,3
RPS27A,3
LIMA1,3
ZAP70,3
EPHB3,3
BRAF,3
QARS,3
SLC1A5,3
COMMD10,3
RAF1,3
GH1,3
UACA,3
ILF2,3
TNIP1,3
COMMD2,3
TIRAP,3
NUDT21,3
GNAI3,3
CNTF,3
PSTPIP1,3
PTPRE,3
GARS,3
PDCD6IP,3
KRT1,3
DLG1,3
CCL7,3
TGM2,3
VARS,3
MAPK1,3
TNK2,3
OGT,3
RNF11,3
RPL35,3
MME,3
O43318-2,3
RAC1,3
TXN,3
DNAJC7,2
ATP5J2,2
RHOC,2
ETF1,2
RDX,2
LEPR,2
NSF,2
CDIPT,2
MAP3K7IP3,2
CSNK1A1,2
GNB1,2
PSMA5,2
UXT,2
PSMA4,2
PFKP,2
DDOST,2
STAP2,2
MSN,2
DDX24,2
CORO1C,2
DNAJA2,2
DPM1,2
DARS,2
NIF3L1,2
PKP4,2
STAM2,2
NRIP1,2
NUDC,2
COPG,2
ROCK2,2
MAPRE1,2
IL1RL1,2
PRKCZ,2
RPL32,2
RPL23A,2
PSMD4,2
MON2,2
HDAC3,2
SETD7,2
MPRIP,2
SOCS1,2
RFC5,2
MAT2A,2
CKB,2
EPOR,2
PSMC3,2
YY1,2
SIRT6,2
TAF9,2
PIK3C2A,2
MLEC,2
ACTL6A,2
ENO1,2
MRPL12,2
BAG5,2
AP2A1,2
ARHGEF2,2
RPL22,2
RPL18A,2
HSPA1B,2
USP15,2
PTGES3,2
RADIL,2
USP53,2
IL2RA,2
CAV2,2
IDH3A,2
JAK3,2
IGF2BP1,2
MSH2,2
TOPORS,2
IRAK4,2
IPO11,2
FAM113A,2
IGKC,2
IPO9,2
NEDD8,2
UBE2J1,2
NUDT18,2
ATXN10,2
TGFBR1,2
TGFBR3,2
PLS3,2
NOL3,2
ATP5B,2
PDIA4,2
GSTP1,2
KPNA4,2
PGRMC1,2
PGD,2
LONP1,2
KARS,2
ACVRL1,2
PRKCSH,2
ILK,2
HNRNPK,2
IL15,2
DPP4,2
NASP,2
PSMD14,2
HIST1H1E,2
OAT,2
ACTN4,2
FSCN1,2
BTRC,2
PSMD12,2
FASTKD2,2
PSMB6,2
PCAF,2
EIF3F,2
UBE2L3,2
STAT5B,2
nt_022184_14_human,2
SGK1,2
STAT5A,2
MTDH,2
GNL3,2
NUDT5,2
CDH2,2
AURKA,2
PHB,2
CLTCL1,2
IL4,2
HEATR3,2
MYCBP,2
PRDX1,2
RPS6KA5,2
GDI2,2
GBF1,2
SEC13,2
HSPA4L,2
SORBS1,2
SH3PXD2A,2
RPL7A,2
UCHL1,2
PSMC5,2
CD27,2
HIST1H2BB,2
RPS24,2
SH3BP2,2
1585552,2
TNFSF13,2
TNFRSF13B,2
TRAF3IP1,2
RPS20,2
HNRNPA1,2
PACSIN3,2
MAD2L2,2
NT5DC2,2
CSDE1,2
ZNF212,2
1683437,2
ANXA1,2
TAX1BP1,2
UBA2,2
RPS6,2
JUP,2
MTHFD1,2
TNFRSF8,2
RHPN2,2
KRT14,2
SORBS2,2
SH3RF1,2
ERAP1,2
RPS23,2
SH3PX3,2
ING2,2
TNFSF13B,2
KRT9,2
RPL14,2
SMAD3,2
PPP1CB,2
TPM3,2
RPL35A,2
RPL10,2
AKR1B1,2
HIPK1,2
PDCD6,2
DLD,2
PML,2
TNFRSF6B,2
CANX,2
PARK7,2
DVL2,2
PPP2R2A,2
ANXA2,2
BCAP31,2
AK2,2
MAP2K4,2
HTRA2,2
IFNA2,2
IFNA8,2
IFNB1,2
USP18,2
KRT16,2
GNB2L1,2
COPS2,2
CBR1,2
CACYBP,2
ARIH2,2
USP13,2
BPNT1,2
ACLY,2
HSPBP1,2
OTUD5,2
UBXN1,2
TSN,2
UBXN7,2
UBE2W,2
SAR1A,2
GMFB,2
ERH,2
RPL27,2
ATM,2
BTF3,2
ATR,2
RNF219,2
COMMD4,2
SF3B1,2
APRT,2
RAB5C,2
SEC11A,2
KPNA3,2
PELI1,2
IL1B,2
MAP2K1,2
TFG,2
UBE2D2,2
ZRANB1,2
PHGDH,2
RAI14,2
RPS19,2
RNF126,2
IL8,2
LNX1,2
WASL,2
CSF3R,2
YARS,2
NGFB,2
EIF4G1,2
APPL1,2
SCIN,2
SEC16A,2
UBE2E1,2
ATP5F1,2
SFXN1,2
TRMT112,2
EIF3J,2
GLT8D3,2
UBE2D3,2
IRF9,2
COPS3,2
PRMT1,2
TAGLN2,2
TALDO1,2
IFNGR1,2
SHMT2,2
UBXD8,2
TARS,2
TBCA,2
IRS2,2
TFRC,2
LTB,2
CS,2
STAT2,2
LIF,2
RPL6,2
TSC1,2
ANK3,2
EIF3M,2
SOD2,2
COMMD5,2
COMMD6,2
COMMD7,2
GRIN2B,2
COMMD8,2
POLRMT,2
TPR,2
LOC387907,2
TRAF3IP2,2
STIP1,2
LYZ,2
UBE2D4,2
S100A11,2
LRP2,2
NFATC1,2
LAMA1,2
COPS6,2
LAMB2,2
LAMC3,2
ZHX1,2
NRG1,2
APBB1,2
VEGFA,2
APBB3,2
BLK,2
CISH,2
SMARCB1,2
DOK4,2
DOK6,2
HIPK2,2
MAPK8IP2,2
MIST,2
RIN2,2
SHC2,2
CHEK2,2
KRTAP4-12,2
SLA,2
ANKS1A,2
DAB1,2
FER,2
GRB7,2
PLCG2,2
SP1,2
TXK,2
CCL3,2
LAMA2,2
MAPK14,2
PLK1,2
VRK2,2
TOP1,2
SNIP1,2
PPP6C,2
ITGA3,2
FLJ10350,2
GSK3B,2
APOH,2
CDCP1,2
STK4,2
PFDN5,2
MST1R,2
PDCD10,2
STK25,2
RPL10A,2
RPL4,2
RPS6KA2,2
FGF5,2
PRKCE,2
GUSBP1,2
RPL8,2
PFDN1,2
S100A8,2
GIT1,2
EIF2S1,2
IGHM,2
TBP,2
GP6,2
TF,2
CTGF,2
EPB41,2
NR4A1,2
NCOA6,2
MSH6,2
PTPLAD1,2
SLC25A22,2
SMC1A,2
SMC3,2
MAGEA11,2
SNRPA1,2
SRPRB,2
VDAC3,2
NUP93,2
ACVR2A,2
HIGD1A,2
CFH,2
HUWE1,2
TNS4,2
FBXO11,2
TRAF4,2
EWSR1,2
ATP5C1,2
BCR,2
PPP1R13L,2
MDM4,2
TP53BP1,2
RPA1,2
HMGB1,2
NMT2,2
UBE2F,2
GSTK1,2
MED25,2
MED28,2
MTHFD1L,2
MDN1,2
CHM,2
HEATR2,2
TRPM6,2
TRPM7,2
LCP2,2
UBE3A,2
NCOA1,2
WRN,2
CCL4L2,2
CREB3,2
MADD,2
EPS8L3,2
CREB1,2
HTT,2
RPA2,2
SREBF2,2
SAT1,2
EIF4A2,2
NOTCH3,2
IRF3,2
RUNX1,2
IL7,2
CD22,2
CDK4,2
PIAS2,2
PAK2,2
Q90VU7,2
COIL,2
PHLDA3,2
DCTN1,2
HRAS,2
XRN1,2
GPS1,2
EEF1G,2
PDGFRA,2
VCPIP1,2
TMEM33,2
JAG2,2
MAP3K2,2
ATN1,2
UFD1L,2
NPLOC4,2
AMFR,2
TNIP3,2
MPZL1,2
PDGFB,2
CAMK2D,2
IL1RAP,2
UBR2,2
PRPF40A,2
MLLT4,2
NUCB1,2
PLP2,2
EGF,2
S100A4,2
SLC25A11,2
DNAJB12,2
CITED2,2
CCNT1,2
STK16,2
WWOX,2
SOCS3,2
TUBGCP2,2
SIK2,2
XPO7,2
CCL16,2
UTP14A,2
CCL13,2
TUBB2A,2
ZBTB17,2
PTEN,2
KAT5,2
TUBA4A,2
TBKBP1,2
SPATA2,2
GRWD1,2
PTPRN,2
CUL2,2
SRP14,2
CCDC85B,2
CSNK2B,2
GGA1,2
FIGF,2
GGA2,2
STAU1,1
GLG1,1
TNIK,1
DMD,1
DCTN4,1
CDC20,1
E4F1,1
EXOSC8,1
TUBA8,1
BAT3,1
CAMLG,1
TUBA4B,1
PSME2,1
NFATC2,1
USO1,1
UTP20,1
TLN2,1
PHF10,1
KIF14,1
HNRNPA3,1
OBSCN,1
PTRH2,1
ATP5D,1
STK3,1
VPS25,1
PYGL,1
XPA,1
E2F1,1
PPP2R5B,1
SPAG9,1
PGRMC2,1
IkBa,1
VPS13D,1
CDC25B,1
PYCR2,1
CDC25A,1
UBR5,1
ORM1,1
RRM1,1
MAGED1,1
"""WUGSC:H_RG054D04.1""",1
RASSF2,1
FHOD1,1
IGHG3,1
SBDS,1
PLA2G4A,1
SNCG,1
WDR37,1
SPRR3,1
PITPNB,1
RAD50,1
POM121,1
EXT2,1
GRB14,1
PPP4C,1
EIF2C4,1
RP11-3J11.4,1
TBCD,1
PRDX5,1
BBC3,1
KPNA1,1
PRPF19,1
TUBB1,1
ATRIP,1
CNKSR1,1
RPS17,1
UBR4,1
RAP1B,1
ELF3,1
RPL10L,1
CTTNBP2NL,1
DOCK5,1
FAM40A,1
RPL27A,1
RPL5,1
RPL9RPL9P7RPL9P8RPL9P9,1
RALA,1
RPS12,1
LKP,1
STRN3,1
STK24,1
POU2AF1,1
RRP12,1
RSL1D1,1
PPP2R2B,1
PPP2R2C,1
PPP2R2D,1
PPP2R5A,1
SGOL2,1
PLAA,1
KRT10,1
PJA2,1
SIKE1,1
RPL9P9,1
RPL15,1
YBX1,1
STRN4,1
CTTNBP2,1
EDA,1
AKT2,1
TSR1,1
PSCD1,1
CD2BP2,1
RAB14,1
ICAM2,1
RAB21,1
FAM62A,1
IPO5,1
RAB5A,1
KLF6,1
MMP2,1
GNA13,1
TRAF3IP3,1
KBTBD7,1
KLHL22,1
RPL31,1
INPP5D,1
BMPR2,1
PARD3,1
ZC3H12A,1
BYSL,1
CSDA,1
RBM8A,1
BMPR1A,1
EXOSC10,1
BMPR1B,1
AKT3,1
FAU,1
WDR26,1
HSDL2,1
FGFR1OP,1
ANKHD1,1
CKMT1ACKMT1B,1
GP1BA,1
C3ORF28,1
C6orf211,1
F8,1
ADAMTS13,1
CCDC58,1
CISD2,1
CLIC1,1
ANKRD17,1
CNPY2,1
LAGE3,1
GABARAPL2,1
COTL1,1
COX4I1,1
CPSF6,1
CRYZ,1
ASNS,1
ARD1A,1
AP1S1,1
PKN2,1
MANF,1
EBI-979338,1
KTN1,1
CDH1,1
LYPLA1,1
AARS,1
ATG5,1
ACOT13,1
LTA4H,1
ACP1,1
ADSS,1
AIMP1,1
PLEKHA1,1
PLEKHA2,1
LSM12,1
CSTF3,1
DCTN2,1
DDT,1
ETFB,1
PMS2,1
FAM128B,1
FAM49B,1
FH,1
FHL1,1
GLO1,1
GLOD4,1
BRD7,1
GLRX3,1
ISYNA1,1
WIPF1,1
GMPS,1
GAS7,1
SLAMF1,1
HMGCS1,1
ITCH,1
PPP1R13B,1
FTSJ1,1
ERP29,1
EIF1B,1
DLST,1
ACTR6,1
DSTN,1
DSTYK,1
40038273,1
GAP43,1
EEF1B2,1
EIF3A,1
EIF3D,1
KIF11,1
YAP2,1
YAP1,1
EIF4H,1
EIF5,1
KIT,1
DTNB,1
CRY1,1
USP1,1
PDHB,1
PDCD5,1
FAF2,1
HLA-DQB1,1
TLE1,1
TFCP2,1
HCRT,1
NDRG1,1
PON2,1
PAK1,1
PPM1B,1
APLP1,1
OTUB1,1
PRKAR2A,1
PLSCR1,1
DERL1,1
STRN,1
APPBP2,1
RAB18,1
hCG_2045902,1
SAPS2,1
SAPS3,1
ID3,1
HN,1
KCNA3,1
ASPSCR1,1
ANXA5,1
EEF2,1
WBP4,1
PPP2R5D,1
PPP2R5E,1
PDXK,1
PRDX2,1
ATXN3,1
NCDN,1
NCBP2,1
CHMP2B,1
RBL1,1
LDHB,1
UBXN8,1
WDR8,1
METTL11A,1
MCM2,1
CD3D,1
CCL1,1
GART,1
RABIF,1
IRF7,1
GPRASP1,1
UBE4B,1
VOPP1,1
ABLIM1,1
MAF1,1
GRIP1,1
PILRA,1
CD14,1
UBXN6,1
C16ORF14,1
TLR5,1
TNPO2,1
EBI-1539279,1
NAT5,1
RALY,1
FAM195A,1
TFE3,1
NARS,1
NARG1,1
NAPA,1
UBXN10,1
UBXN4,1
MRPS14,1
MRPL14,1
GOLGA3,1
BASP1,1
FAM62AESYT1,1
C13orf33,1
CARHSP1,1
CD81,1
CNP,1
CTAGE5,1
CYB5A,1
CYB5B,1
DCXR,1
derp12,1
DUPD1,1
EIF1AX,1
EIF3K,1
EIF4E,1
EIF4E2,1
ERLIN1,1
ESD,1
FAAP24,1
GSTM3,1
GSTO1,1
HADH,1
C19orf10,1
C12orf35,1
HMGB2,1
BUB3,1
632982,1
ERP44,1
KATNA1,1
SLC30A7,1
SLC39A7,1
PRKD2,1
NR2E3,1
DHX30,1
40040348,1
ABCE3,1
ACAT2,1
AHCY,1
AHCYL2,1
AIMP2,1
APEX1,1
APOA1BP,1
ARPC2,1
ASXL2,1
BRI3BP,1
HARS,1
HMGB3,1
TMED10,1
PPM1G,1
PRPSAP1,1
PSMB2,1
PSMD8,1
RAB10,1
RANGAP1,1
RAP1A,1
RCC1,1
RCC2,1
REXO2,1
RPA3,1
RTN4,1
SDCCAG8,1
2011-09-01 00:00:00,1
2009-09-01 00:00:00,1
SLC16A1,1
SLIRP,1
TARSL2,1
TCEB1,1
THRAP3,1
PREP,1
PNPT1,1
HNRPDL,1
PNO1,1
IER3IP1,1
IGF2R,1
KHSRP,1
MARCKS,1
MCM6,1
MOBKL1B,1
MRPL13,1
MRTO4,1
MT-CO2,1
NAT13,1
NHP2,1
NHP2L1,1
NPEPPS,1
NUDT11,1
NUP155,1
OR10J1,1
PAFAH1B2,1
PAICS,1
PHPT1,1
CD40LG,1
None,1
FEZ1,1
HIST3H3,1
C2orf30,1
HIST1H2AE,1
FAM131C,1
ZBTB22,1
LLGL1,1
MYL9,1
S100P,1
ZIC2,1
AUP1,1
AASDHPPT,1
AFF4,1
ANKRD26L1,1
APEX2,1
BAHD1,1
BANP,1
C16orf48,1
C5orf55,1
CALCOCO2,1
CCDC130,1
hSF21,1
P04908,1
DKFZP564O0523,1
ERLEC1,1
TRIM38,1
PAX5,1
BAIAP2L1,1
CACNB3,1
DLG2,1
ITSN2,1
MIA,1
OSTF1,1
SH3PXD2B,1
SNX33,1
SORBS3,1
SPTA1,1
SRGAP1,1
TJP3,1
RAB35,1
MAP3K6,1
HTATIP,1
TRAP1,1
AFG3L2,1
CCDC33,1
CDCA3,1
DLGAP5,1
FAM107A,1
UBXN11,1
USP2,1
ZBTB25,1
ZBTB43,1
ZFAND6,1
ZNF205,1
ZNF646,1
DKFZp761H172,1
DLG7,1
FBF1,1
PSMF1,1
TCEANC,1
TRPC4AP,1
UBXD5,1
ADCYAP1R1,1
CRHR1,1
VIPR1,1
ACP5,1
C7orf64,1
UBE2Z,1
TRPT1,1
TRIM31,1
LZTS2,1
FAM120B,1
FATE1,1
FBXO28,1
FXR2,1
GORASP2,1
HINFP,1
KIAA0408,1
KIAA1267,1
NECAP2,1
THAP7,1
RGS14,1
RHEBL1,1
RIBC2,1
SETD5,1
SOX30,1
SPG21,1
SPRY2,1
TCEB3B,1
TJP2,1
TMEM109,1
F7,1
RND1,1
IL11,1
TNFSF8,1
CLEC4G,1
CACNA1A,1
DAP,1
DPP8,1
KRT18,1
CCR4,1
TNFRSF21,1
CCR10,1
QKI,1
TNFRSF17,1
BNIP3L,1
SDPR,1
MBD4,1
AIF1L,1
PRKCDBP,1
SDHB,1
CYTSA,1
TOMM20,1
WDR1,1
MYL6B,1
USP5,1
QIL1,1
PRKAB1,1
RNMTL1,1
USP22,1
SLC25A10,1
SPCS2,1
TARDBP,1
RANBP3,1
KHK,1
PGF,1
hA2aR,1
NSFL1C,1
FXN,1
ATXN2,1
CAMK2A,1
XRCC4,1
MYOZ1,1
RBBP4,1
SEPHS1,1
GNB4,1
PPP1R9B,1
TRAFD1,1
KALRN,1
MACC1,1
MPP4,1
MYO15A,1
NCKIPSD,1
RIMBP3C,1
SAMSN1,1
SH3GL3,1
SH3RF2,1
SKAP2,1
SNX18,1
SRGAP2,1
CDCA8,1
SRGAP3,1
CCDC50,1
AURKB,1
CCAR1,1
PCSK9,1
COPA,1
ECM29,1
TRIP10,1
FYB,1
TIAF1,1
INCENP,1
TPM1,1
WDR61,1
REC14,1
LRRCC1,1
FLOT1,1
SPOP,1
SCP2,1
ID1,1
MAGEH1,1
DPPA2,1
LGALS2,1
CNBP,1
FGF19,1
ARHGAP9,1
CACNB4,1
DNMBP,1
DOCK4,1
DAAM1,1
USF2,1
PSPH,1
PER2,1
P4HB,1
COPB1,1
SKI,1
HEATR6,1
HDAC9,1
DACH1,1
TCF12,1
SERPINB3,1
SLC1A3,1
SLC25A4,1
TTC35,1
XPNPEP3,1
RUNX1T1,1
EIF2AK3,1
CARD14,1
ANP32A,1
ZBTB6,1
LY96,1
SAPS1,1
FAM101B,1
LRSAM1,1
DBT,1
CBWD2,1
NCLN,1
ATP2A1,1
RDBP,1
UBE2V2,1
UEVLD,1
UK114,1
VDAC2,1
VPS35,1
VTA1,1
CCL20,1
SPHK1,1
DOK2,1
NCOR2,1
LIN54,1
RPS29,1
UNC84B,1
EBI-1264387,1
BAG1,1
ZMYND11,1
SRCAP,1
ACTBL3,1
LCAT,1
ABCA6,1
APOC1,1
APOC3,1
SETX,1
SMPDL3A,1
SPEF2,1
TTR,1
TXNDC2,1
RP4-579N16.5,1
SLC27A6,1
ANKRD28,1
NGFRAP1,1
KIDINS220,1
EPS8L1,1
SALL2,1
C2orf47,1
C7orf20,1
CNIH4,1
DCD,1
GCLM,1
EPS8L2,1
LHPP,1
SERTAD3,1
SAFB2,1
RRP1B,1
FGA,1
C1QA,1
C1QC,1
CLU,1
CP,1
CTSL1,1
DNTT,1
FAM169A,1
FAM83C,1
HBA1HBA2,1
ROBO3,1
KIAA0754,1
LECT1,1
MOCOS,1
P01614,1
P10266,1
PDE4B,1
PTPN5,1
QDPR,1
SDHA,1
RPP30,1
SEC22B,1
GRAP2,1
CCRL1,1
CCL11,1
OS9,1
USP3,1
IFNG,1
NLK,1
EIF1AD,1
LPLUNC3,1
CHN1,1
MATK,1
VASP,1
UNQ175,1
SUPT6H,1
SLA2,1
SH2D5,1
SH2D1B,1
BTBD10,1
MUC7,1
BLR1,1
ARHGEF12,1
IL16,1
SLC23A3,1
RARA,1
TICAM1,1
KRR1,1
PSMB9,1
LAPTM5,1
ATAD2,1
MCM5,1
ATF4,1
ELP3,1
IKZF4,1
LCMR1,1
FANCC,1
SIRT3,1
RWDD3,1
MED19,1
MAPK13,1
IGF1,1
SH2B2,1
SP100,1
C9orf89,1
ACACA,1
WDR92,1
MAP2K5,1
PDRG1,1
GPSM3,1
CDC6,1
TAF12,1
AASS,1
ABCB7,1
ACOT8,1
KCNQ1,1
AKAP8,1
FGF7,1
ALDH18A1,1
ALDH1B1,1
FGF4,1
AP3D1,1
ARCN1,1
ARF4,1
PRKACA,1
ICAM3,1
PLEC1,1
ANGPTL3,1
DOK1,1
TMBIM6,1
SNAPAP,1
CD9,1
SNAPIN,1
MED31,1
CCDC53,1
ZNF675,1
UBE2G2,1
SCGB1A1,1
CD79A,1
SCYL3,1
AATF,1
CD69,1
CDK5RAP3,1
HIST1H1C,1
ITGB8,1
ITGA2B,1
CCL14,1
SEC23B,1
MYST1,1
VRK1,1
ZNF385A,1
SMURF2,1
EGR1,1
GTF2H1,1
HDAC8,1
CHN2,1
DAPP1,1
RASA4,1
WDYHV1,1
TSG101,1
ODF2L,1
FLYWCH1,1
KIAA0776,1
NUDT10,1
GNG12,1
UMPS,1
TMEM147,1
AREG,1
TP63,1
SIN3A,1
RNF40,1
TCF7L2,1
RABGEF1,1
NQO1,1
RRM2B,1
THRB,1
UBE2A,1
AC008073,1
BMP1,1
CABLES1,1
cd44_human_dna,1
CUL9,1
CD59,1
JMY,1
PIAS4,1
RAD51,1
rchy1_human_gene,1
RNF20,1
ZBP1,1
DYNLL2,1
CCL15,1
FOXO1,1
ARHGEF6,1
ARHGEF7,1
NPHP1,1
SH3GLB1,1
SH3MD4,1
IRF5,1
SPAG5,1
SREBF1,1
MAPT,1
MYCBPAP,1
BPGM,1
PAPOLA,1
NCOA4,1
PI4K2B,1
SERTAD4,1
CXCR3,1
CCR3,1
RPS6KB1,1
CRTC2,1
TGFB3,1
IL7R,1
SPHK2,1
LSM10,1
IL13RA1,1
LOC51035,1
IARS2,1
PRAF2,1
ARL6IP5,1
APCS,1
IFNA1,1
IFNA5,1
GSN,1
CTNNBIP1,1
COPE,1
SMAD9,1
EPAS1,1
SH2D4A,1
ZNF655,1
RHOA,1
KIAA1849,1
ARL1,1
ARMC6,1
NOC2L,1
NCAPG2,1
UTP15,1
NDUFA5,1
NDUFA8,1
NDUFS1,1
NDUFS2,1
NDUFS3,1
NEK9,1
NOL11,1
OPA1,1
NOL9,1
UNC45A,1
NOP56,1
UBE3C,1
NUP133,1
NUP153,1
NUP188,1
NUP205,1
NCAPD3,1
MYO9B,1
MYO9A,1
MYO5C,1
PXMP2,1
GRINL1A,1
MAGED2,1
MAPKAP1,1
PELI2,1
ARF1,1
ZNF281,1
METTL13,1
MKLN1,1
MMS19,1
MOGS,1
MRPS22,1
MRPS34,1
MSH3,1
WDR77,1
WDR5,1
MYO5A,1
TUBGCP4,1
P4HA1,1
ASS1,1
PTGES2,1
SPTLC1,1
SMARCAD1,1
SMARCA5,1
SLIT2,1
SLC25A13,1
SLC25A12,1
SKIV2L,1
PSME4,1
PTPN14,1
TUBG1,1
RANBP2,1
RFC1,1
RFC2,1
RFC3,1
SHOC2,1
RNGTT,1
RNH1,1
SARS,1
SQRDL,1
SR140,1
STAG2,1
SUCLG1,1
PDS5A,1
PDS5B,1
PELO,1
PGAP1,1
PLOD3,1
POLD1,1
POLE,1
POLR1A,1
POLR2A,1
POLR2B,1
PPT1,1
PRPF6,1
TTC27,1
TRM1L,1
TOP2A,1
TNPO3,1
TMPO,1
LMNA,1
LBR,1
LAS1L,1
ASXL1,1
DDX1,1
DDX20,1
TOPBP1,1
DDX52,1
DHX15,1
DHX37,1
DIAPH3,1
DIMT1L,1
DNAJB6,1
SURF2,1
DNM2,1
PPL,1
ECT2,1
AHSG,1
MXD1,1
EIF4A1,1
EIF4ENIF1,1
THOC4,1
CYR61,1
TERT,1
CPSF1,1
COPG2,1
SMG7,1
RNF130,1
POLA2,1
ATP6V1H,1
BTAF1,1
NDUFS6,1
KRT8,1
HBZ,1
FLJ10324,1
CTSK,1
CHGB,1
CCDC17,1
CEPT1,1
CHD5,1
CHTF18,1
BORA,1
PEBP4,1
ERCC3,1
ITPR1,1
EXOC1,1
A2R,1
CD93,1
IL1RN,1
IDH3B,1
IDH3G,1
IGF2BP2,1
ILVBL,1
INTS1,1
PDGFA,1
IPO13,1
IPO4,1
DAB2IP,1
IQGAP3,1
POU1F1,1
KIAA1524,1
MEIS1,1
KPNA2,1
PLAU,1
VEGFC,1
HNRNPA0,1
EXOC3,1
HIST1H2BL,1
EXOC4,1
EMILIN1,1
CD63,1
ITGA2,1
PSAP,1
PTPRH,1
GCDH,1
PTPN9,1
PTPN2,1
GSG2,1
GTF3C2,1
GTF3C3,1
GTF3C4,1
DUSP7,1
CDH5,1
NRP1,1
HEATR1,1
SGSM2,1
SLC2A4,1
MCRS1,1
EPS15,1
CKAP4,1
CLTA,1
TRRAP,1
CTNNA1,1
CTNND1,1
EFNB1,1
EIF2B3,1
EPHB4,1
MAX,1
PKP2,1
HOXC10,1
P08107,1
GCN5L2,1
TADA2L,1
KRT17,1
KRT5,1
KRT6A,1
SUPT3H,1
CBLB,1
4xebox_dna,1
BCAR1,1
AP2S1,1
RFC4,1
nt_006713_14_human,1
TIFA,1
ZNF121,1
PTGS2,1
DMBT1,1
FLOT2,1
POU3F3,1
HELLS,1
ABCB1,1
FBXW8,1
TGFA,1
BTC,1
SNX1,1
ALCAM,1
ATP1B1,1
cdk4_human_dna,1
PEX19,1
PTK2B,1
FBXL2,1
ARID3A,1
ARPC4,1
ARPC1B,1
GIPC1,1
RICTOR,1
RALBP1,1
AVEN,1
TRIM41,1
AKAP5,1
SH3BP5,1
S100A9,1
IL3,1
IL5RA,1
IL5,1
CSF2RA,1
IBTK,1
BECN1,1
MIA3,1
ZC3H7A,1
ARPC3,1
INADL,1
ANGPT1,1
ANGPT2,1
MYCBP2,1
SLC3A2,1
MXI1,1
TBRG4,1
TRIM29,1
EP400,1
MST1,1
SH3BGRL,1
SH3KBP1,1
UBE2L6,1
SH3BGRL3,1
CD247,1
PTPRM,1
MAP4K2,1
WDR68,1
INS,1
ATP6V0C,1
SKP2,1
AXIN1,1
EFEMP2,1
TSNAX,1
TMED9,1
TMEM111,1
TOMM34,1
TPD52,1
TPD52L2,1
TPT1,1
TELO2,1
HOXB7,1
TTLL12,1
C6orf125,1
TWF1,1
MAP1S,1
UBE2K,1
USP49,1
PHLPP1,1
ESR2,1
VMA21,1
DISC1,1
THOP1,1
USF1,1
TFAM,1
TBR1,1
2002-09-01 00:00:00,1
SERBP1,1
HLA-DPA1,1
SF3B14,1
SGTA,1
OPTN,1
SLK,1
SMAP,1
SND1,1
SNRPB2,1
SNX3,1
SRM,1
AZI2,1
SSR1,1
CLEC4C,1
SYNCRIP,1
EXOSC4,1
ZC3H15,1
IRF4,1
ITPK1,1
PTPRR,1
SNRPF,1
TUBB8,1
SEMA4A,1
RND3,1
HGF,1
HGFAC,1
NEK3,1
SPATA2L,1
RAD23A,1
RFX3,1
RHEB,1
TCEA2,1
MGEA5,1
CEP192,1
CNTN2,1
VAMP3,1
DAD1,1
MRAS,1
SLC9A3R1,1
TCF4,1
SLC9A3R2,1
NEDD4,1
PPARG,1
TFAP2A,1
POU3F2,1
ETV4,1
NOP2,1
RBPJ,1
SNW1,1
MAML1,1
JAG1,1
DDX58,1
LOC162632,1
USP36,1
EPHA1,1
RPL37A,1
NGF,1
RPN2,1
SHKBP1,1
TOE1,1
DEK,1
PSEN1,1
APTX,1
NLRC4,1
AP002907,1
AP000920,1
KIAA1128,1
ANXA3,1
CASR,1
DRD3,1
DRD2,1
BRCA2,1
ARHGAP24,1
AC008532,1
RCHY1,1
BTBD12,1
DMWD,1
KCNJ2,1
TAF6,1
RRM2,1
IL1A,1
ARL3,1
FCGR2A,1
BARD1,1
FXYD6,1
FAM173A,1
EIF2S2,1
DLEU1,1
CUL7,1
COX17,1
COMMD3,1
CEBPB,1
CDKN2C,1
CDKN1A,1
CCL18,1
CCDC106,1
COMMD9,1
BTBD2,1
G22P1,1
FCN2,1
FCGR2C,1
MED1,1
WNK3,1
IL13,1
PSEN2,1
TJP1,1
APBA3,1
CCNB2,1
ITGA1,1
ITGB1BP1,1
MMP9,1
ALOX12,1
PRKACB,1
SLC5A1,1
MARK3,1
P68431,1
TTN,1
GAB2,1
EFNA1,1
ATRX,1
EPHA3,1
CENPC1,1
DAPK3,1
CMTM8,1
PROTOR1,1
NUMBL,1
OTUD1,1
TPX2,1
PTP4A3,1
LMO2,1
OGFR,1
CD2AP,1
TNRC15,1
LAT,1
CD72,1
PIK3C3,1
HIP2,1
NUMB,1
FES,1
DOK5,1
MTNR1A,1
MTNR1B,1
APBB2,1
SH2B1,1
GSTM4,1
HNRNPUL1,1
VBP1,1
GNAI2,1
CPVL,1
C16orf53,1
ZNF24,1
DKFZp434K0435,1
DNAJB4,1
ZCCHC10,1
FAM10A4,1
XRCC1,1
WDR48,1
UBL4A,1
WDR33,1
USP39,1
USP11,1
TP53TG1,1
Z85996,1
PCDHA4,1
LGALS7,1
KIAA0087,1
CHEK1,1
CFL2,1
ING4,1
MAP1B,1
RYBP,1
ATG16L1,1
DYNC1I1,1
KRT33B,1
TXLNA,1
GATA2,1
MYBL1,1
BHLHE40,1
NCOA2,1
SYVN1,1
TRIM21,1
SNURF,1
Q6ZTM8,1
RFWD2,1
RASGRF1,1
NMT1,1
MT1A,1
MARK2,1
mm-1,1
TMSB4X,1
RQCD1,1
PAFAH1B3,1
SCO2,1
SCRIB,1
p53_be_human_dna,1
P06748-1,1
NFYB,1
NFYA,1
SUGT1,1
MPHOSPH6,1
TMOD3,1
TRAF7,1
MAPKAPK5,1
TUBA1C,1
MAPK11,1
TUBB3,1
MAGEB18,1
MAD2L1BP,1
S100A7,1
PBK,1
TK1,1
PIAS1,1
THAP8,1
SULT1E1,1
MYO1A,1
STX5,1
SNRPN,1
SERPINB9,1
SCAMP1,1
PFDN4,1
PFDN6,1
PIH1D1,1
PLOD1,1
RPS7,1
PYGM,1
RAB4A,1
RMP,1
PPA1,1
RPAP3,1
CRMP1,1
